name,player_id
Aaron Connolly,1
Aaron Cresswell,2
Aaron Hickey,3
Aaron Lennon,4
Aaron Mooy,5
Aaron Ramsdale,6
Aaron Ramsey,7
Aaron Rowe,8
Aaron Wan-Bissaka,9
Abd-Al-Ali Morakinyo Olaposi Koiki,10
Abdelhamid Sabiri,11
Abdoulaye Doucouré,12
Abdul Rahman Baba,13
Aboubakar Kamara,14
Abu Kamara,15
Adalberto Peñaranda,16
Adam Armstrong,17
Adam Davies,18
Adam Forshaw,19
Adam Idah,20
Adam Lallana,21
Adam Masina,22
Adam Smith,23
Adam Webster,24
Adam Wharton,25
Adama Diakhaby,26
Adama Traoré,27
Adama Traoré Diarra,28
Addji Keaninkin Marc-Israel Guehi,29
Adedapo Awokoya-Mebude,30
Ademipo Odubeko,31
Ademola Lookman,32
Ademola Ola-Adebomi,33
Admiral Muskwe,34
Adrian Blake,35
Adrian Mariappa,36
Adrien Sebastian Perruchet Silva,37
Adrien Silva,38
Adrián Bernabé,39
Adrián San Miguel del Castillo,40
Ahmed El-Sayed Hegazy,41
Ahmed Elmohamady,42
Aidan Francis-Clarke,43
Ainsley Maitland-Niles,44
Aji Alese,45
Akin Famewo,46
Albert Sambi Lokonga,47
Alberto Moreno,48
Albian Ajeti,49
Alejandro Garnacho,50
Alejo Véliz,51
Aleksandar Mitrovic,52
Alex Cochrane,53
Alex Iwobi,54
Alex Kirk,55
Alex Kral,56
Alex Matos,57
Alex McCarthy,58
Alex Mighten,59
Alex Murphy,60
Alex Nicolao Telles,61
Alex Oxlade-Chamberlain,62
Alex Pritchard,63
Alex Robertson,64
Alex Scott,65
Alex Smithies,66
Alex Telles,67
Alexander Isak,68
Alexander Sörloth,69
Alexander Tettey,70
Alexandre Jankewitz,71
Alexandre Lacazette,72
Alexandre Moreno Lopera,73
Alexandre Nascimento Costa Silva,74
Alexis Mac Allister,75
Alexis Sánchez,76
Alfie Devine,77
Alfie Dorrington,78
Alfie Doughty,79
Alfie Gilchrist,80
Alfie Jones,81
Alfie Lewis,82
Alfie Mawson,83
Alfie Whiteman,84
Alireza Jahanbakhsh,85
Alisson Ramses Becker,86
Allan Campbell,87
Allan Marques Loureiro,88
Allan Saint-Maximin,89
Allan Tchaptchet,90
Alphonse Areola,91
Altay Bayindir,92
Amad Diallo,93
Amadou Onana,94
Amara Nallo,95
Amari'i Bell,96
Amario Cozier-Duberry,97
Ameen Al-Dakhil,98
Anass Zaroury,99
Ander Herrera,100
Anders Lindegaard,101
Andi Zeqiri,102
Andre Brooks,103
Andre Gray,104
Andre Green,105
Andreas Christensen,106
Andreas Hoelgebaum Pereira,107
Andreas Pereira,108
Andreas Söndergaard,109
Andrew Moran,110
Andrew Omobamidele,111
Andrew Robertson,112
Andrew Surman,113
Andrey Nascimento dos Santos,114
Andriy Yarmolenko,115
Andros Townsend,116
André Ayew,117
André Filipe Tavares Gomes,118
André Onana,119
André Schürrle,120
André Tavares Gomes,121
André-Frank Zambo Anguissa,122
Andy Carroll,123
Andy King,124
Andy Lonergan,125
Anel Ahmedhodžić,126
Angel Gomes,127
Angelo Ogbonna,128
Angus Gunn,129
Anis Slimane,130
Anssumane Fati Vieira,131
Anthony Driscoll-Glennon,132
Anthony Elanga,133
Anthony Gordon,134
Anthony Knockaert,135
Anthony Mancini,136
Anthony Martial,137
Anthony Pilkington,138
Antoine Semenyo,139
Antonee Robinson,140
Antonio Barreca,141
Antonio Rüdiger,142
Antonio Valencia,143
Antony Matheus dos Santos,144
Antwoine Hackford,145
Anwar El Ghazi,146
Archie Gray,147
Archie Mair,148
Aribim Pepple,149
Arijanet Muric,150
Armando Broja,151
Armel Bella-Kotchap,152
Armstrong Oko-Flex,153
Arnaut Danjuma,154
Arnaut Danjuma Groeneveld,155
Aron Gunnarsson,156
Arthur Henrique Ramos de Oliveira Melo,157
Arthur Masuaku,158
Arthur Okonkwo,159
Artur Boruc,160
Ashley Barnes,161
Ashley Darel Jazz Richards,162
Ashley Fletcher,163
Ashley Phillips,164
Ashley Westwood,165
Ashley Williams,166
Ashley Young,167
Asmir Begovic,168
Auston Trusty,169
Axel Disasi,170
Axel Piesold,171
Axel Tuanzebe,172
Aymeric Laporte,173
Ayoze Pérez,174
Bailey Peacock-Farrell,175
Bakary Sako,176
Bali Mumba,177
Bamidele Alli,178
Barry Douglas,179
Bart Verbruggen,180
Bashir Humphreys,181
Ben Brereton,182
Ben Chilwell,183
Ben Davies,184
Ben Doak,185
Ben Foster,186
Ben Gibson,187
Ben Godfrey,188
Ben Greenwood,189
Ben Hamer,190
Ben Jackson,191
Ben Johnson,192
Ben Knight,193
Ben Mee,194
Ben Nelson,195
Ben Osborn,196
Ben Parkinson,197
Ben Pearson,198
Ben White,199
Ben Wilmot,200
Ben Woodburn,201
Bendegúz Bolla,202
Beni Baningime,203
Benicio Baker-Boaitey,204
Benjamin Arthur,205
Benjamin Chrisene,206
Benjamin Fredrick,207
Benjamin Mendy,208
Benjamin White,209
Benoît Badiashile,210
Beram Kayal,211
Bernard Anício Caldeira Duarte,212
Bernard Ashley-Seal,213
Bernardo Costa Da Rosa,214
Bernardo Fernandes Da Silva Junior,215
Bernardo Fernandes da Silva Junior,216
Bernardo Mota Veiga de Carvalho e Silva,217
Bernardo Veiga de Carvalho e Silva,218
Bernd Leno,219
Bertrand Traoré,220
Billy Blacker,221
Billy Crellin,222
Billy Gilmour,223
Billy Koumetio,224
Billy Sharp,225
Birkir Bjarnason,226
Björn Engels,227
Bobby Clark,228
Bobby De Cordova-Reid,229
Bobby Reid,230
Bobby Thomas,231
Bonatini Lohner Maia Bonatini,232
Borja González Tomás,233
Boubacar Traoré,234
Boubakary Soumaré,235
Bradley Ibrahim,236
Brahim Diaz,237
Braian Ojeda Rodríguez,238
Brandon Aguilera Zamora,239
Brandon Austin,240
Brandon Pierrick,241
Brandon Williams,242
Branislav Ivanovic,243
Brenden Aaronson,244
Brennan Johnson,245
Brian Murphy,246
Brice Samba,247
Bright Enobakhare,248
Bruno André Cavaco Jordao,249
Bruno André Cavaco Jordão,250
Bruno Cavaco Jordão,251
Bruno Ecuele Manga,252
Bruno Fernandes,253
Bruno Guimarães Rodriguez Moura,254
Bruno Miguel Borges Fernandes,255
Bruno Saltor Grau,256
Bryan Gil Salvatierra,257
Bryan Mbeumo,258
Bukayo Saka,259
Bénie Traoré,260
CJ Egan-Riley,261
Caglar Söyüncü,262
Caleb Taylor,263
Caleb Watts,264
Callan McKenna,265
Callum Hudson-Odoi,266
Callum Marshall,267
Callum Paterson,268
Callum Roberts,269
Callum Robinson,270
Callum Scanlon,271
Callum Slattery,272
Callum Wilson,273
Calum Chambers,274
Calvin Bassey,275
Calvin Ramsay,276
Cameron Archer,277
Cameron Carter-Vickers,278
Cameron John,279
Cameron Peupion,280
Cameron Plain,281
Caoimhín Kelleher,282
Carl Jenkinson,283
Carlos Alcaraz,284
Carlos Baleba,285
Carlos Henrique Casimiro,286
Carlos Mendes Gomes,287
Carlos Ribeiro Dias,288
Carlos Sánchez,289
Carlos Vinicius Alves Morais,290
Carlos Vinícius Alves Morais,291
Carlton Morris,292
Carney Chukwuemeka,293
Cauley Woodrow,294
Cedric Kipre,295
Cengiz Ünder,296
Cenk Tosun,297
Cesare Casadei,298
Cesc Fàbregas,299
Chancel Mbemba,300
Charles Sagoe,301
Charlie Austin,302
Charlie Cresswell,303
Charlie Daniels,304
Charlie Goode,305
Charlie Patino,306
Charlie Robinson,307
Charlie Savage,308
Charlie Taylor,309
Charlie Whitaker,310
Cheick Doucouré,311
Cheikh Diaby,312
Cheikhou Kouyaté,313
Chem Campbell,314
Chiedozie Ogbene,315
Chris Basham,316
Chris Löwe,317
Chris Mepham,318
Chris Richards,319
Chris Smalling,320
Chris Wood,321
Christian Atsu,322
Christian Benteke,323
Christian Chigozie,324
Christian Eriksen,325
Christian Fuchs,326
Christian Kabasele,327
Christian Marques,328
Christian Nörgaard,329
Christian Pulisic,330
Christian Saydee,331
Christian Walton,332
Christoph Zimmermann,333
Christopher Nkunku,334
Christopher Schindler,335
Christos Tzolis,336
Ché Adams,337
Ciaran Clark,338
Cieran Slicker,339
Claudio Bravo,340
Claudio Gomes,341
Clément Lenglet,342
Cody Drameh,343
Cody Gakpo,344
Cole Palmer,345
Collin Quaner,346
Connor Roberts,347
Connor Ronan,348
Connor Wickham,349
Conor Bradley,350
Conor Coady,351
Conor Coventry,352
Conor Gallagher,353
Conor Hourihane,354
Conor Townsend,355
Conrad Egan-Riley,356
Craig Cathcart,357
Craig Dawson,358
Cristian Romero,359
Cristiano Ronaldo dos Santos Aveiro,360
Crysencio Summerville,361
Cuco Martina,362
Curtis Jones,363
Cyrus Christie,364
Cédric Soares,365
César Azpilicueta,366
Daiki Hashioka,367
Dale Stephens,368
Dale Taylor,369
Daley Blind,370
Dan Burn,371
Dan Gosling,372
Dan Potts,373
Dane Scarlett,374
Dango Ouattara,375
Daniel Adshead,376
Daniel Adu-Adjei,377
Daniel Amartey,378
Daniel Bachmann,379
Daniel Bentley,380
Daniel Castelo Podence,381
Daniel Ceballos Fernández,382
Daniel Chesters,383
Daniel Gore,384
Daniel Iversen,385
Daniel James,386
Daniel Jebbison,387
Daniel Langley,388
Daniel Muñoz,389
Daniel N'Lundulu,390
Daniel Sturridge,391
Danilo Luiz da Silva,392
Danilo dos Santos de Oliveira,393
Danny Batth,394
Danny Drinkwater,395
Danny Ings,396
Danny Rose,397
Danny Simpson,398
Danny Ward,399
Danny Welbeck,400
Danny Williams,401
Dara Costelloe,402
Dara O'Shea,403
Darko Churlinov,404
Darko Gyabi,405
Darnell Furlong,406
Darnell Johnson,407
Darren Randolph,408
Darwin Núñez Ribeiro,409
Daryl Janmaat,410
David Brooks,411
David Button,412
David Datro Fofana,413
David De Gea Quintana,414
David Junior Hoilett,415
David Luiz Moreira Marinho,416
David Martin,417
David McGoldrick,418
David Ozoh,419
David Silva,420
David de Gea,421
Davide Zappacosta,422
Davinson Sánchez,423
Davy Klaassen,424
Davy Pröpper,425
DeAndre Yedlin,426
Dean Henderson,427
Declan Rice,428
Deivid Washington de Souza Eugênio,429
Dejan Kulusevski,430
Dejan Lovren,431
Dele Alli,432
Demarai Gray,433
Demeaco Duhaney,434
Denis Franchi,435
Denis Odoi,436
Denis Suárez,437
Denis Zakaria,438
Deniz Undav,439
Dennis Cirkin,440
Dennis Praet,441
Dennis Srbeny,442
Dermot Mee,443
Destiny Udogie,444
Detlef Esapa Osong,445
Devan Tanton,446
Dexter Lembikisa,447
Diego Carlos Santos Silva,448
Diego Da Silva Costa,449
Diego Llorente,450
Diego Manuel Jadon da Silva Moreira,451
Diego Rico,452
Dilan Markanday,453
Dimitri Foulquier,454
Dimitris Giannoulis,455
Diogo Dalot Teixeira,456
Diogo Jota,457
Diogo Pinheiro Monteiro,458
Diogo Teixeira da Silva,459
Dion Pereira,460
Dion Sanderson,461
Divin Mubama,462
Divock Origi,463
Djed Spence,464
Djibril Sidibé,465
Djordje Petrovic,466
Domingos Quina,467
Dominic Ballard,468
Dominic Calvert-Lewin,469
Dominic Dos Santos Martins,470
Dominic Sadi,471
Dominic Solanke,472
Dominic Thompson,473
Dominik Szoboszlai,474
Donny van de Beek,475
Douglas Luiz Soares de Paulo,476
Dovydas Sasnauskas,477
Duje Caleta-Car,478
Dwight Gayle,479
Dwight McNeil,480
Dynel Simeu,481
Eberechi Eze,482
Ed Turns,483
Eddie Beach,484
Eddie Nketiah,485
Eden Hazard,486
Ederson Santana de Moraes,487
Edimilson Fernandes,488
Edinson Cavani,489
Edo Kayembe,490
Edouard Mendy,491
Edson Álvarez Velázquez,492
Eldin Jakupovic,493
Elia Caprile,494
Elias Kachunga,495
Elijah Adebayo,496
Elijah Campbell,497
Ellery Balcombe,498
Elliot Anderson,499
Elliot Thorpe,500
Ellis Simms,501
Emerson Aparecido Leite de Souza Junior,502
Emerson Hyndman,503
Emerson Leite de Souza Junior,504
Emerson Palmieri dos Santos,505
Emil Krafth,506
Emile Smith Rowe,507
Emiliano Buendía,508
Emiliano Marcondes,509
Emiliano Martínez,510
Emmanuel Dennis,511
Enda Stevens,512
Enes Ünal,513
Enock Agyei,514
Enock Mwepu,515
Enso González,516
Enzo Fernández,517
Eric Bailly,518
Eric Dier,519
Eric García,520
Erik Durm,521
Erik Lamela,522
Erik Pieters,523
Erling Haaland,524
Ethan Ampadu,525
Ethan Brierley,526
Ethan Horvath,527
Ethan Nwaneri,528
Ethan Pinnock,529
Ethan Wady,530
Ethan Wheatley,531
Euan Pollock,532
Evan Ferguson,533
Ezequiel Schelotto,534
Ezgjan Alioski,535
Ezri Konsa Ngoyo,536
Fabian Delph,537
Fabian Mrozek,538
Fabian Schär,539
Fabio Henrique Tavares,540
Fabián Balbuena,541
Fabricio Agosto Ramírez,542
Facundo Buonanotte,543
Facundo Pellistri,544
Faustino Anjorin,545
Federico Fernández,546
Felipe Anderson Pereira Gomes,547
Felipe Augusto de Almeida Monteiro,548
Felix Nmecha,549
Femi Seriki,550
Fernando Llorente,551
Fernando Luiz Rosa,552
Fernando Marçal,553
Ferran Torres,554
Fikayo Tomori,555
Filip Benkovic,556
Filip Krovinovic,557
Filip Marschall,558
Fin Stevens,559
Finley Munroe,560
Finley Stevens,561
Fletcher Holman,562
Florent Hadergjonaj,563
Florian Lejeune,564
Florin Andone,565
Floyd Ayité,566
Flynn Downes,567
Fodé Ballo-Touré,568
Folarin Balogun,569
Fousseni Diabaté,570
Francisco Casilla Cortés,571
Francisco Femenía Far,572
Francisco Jorge Tomás Oliveira,573
Francisco Machado Mota de Castro Trincão,574
Francisco Sierralta,575
Franco Umeh-Chibueze,576
Frank Onyeka,577
Frankie Maguire,578
Fraser Forster,579
Fred Onyedinma,580
Freddie Woodman,581
Frederico Rodrigues de Paula Santos,582
Frederik Alves,583
Frédéric Guilbert,584
Fábio Carvalho,585
Fábio Ferreira Vieira,586
Fábio Freitas Gouveia Carvalho,587
Fábio Silva,588
Gabriel Fernando de Jesus,589
Gabriel Magalhães,590
Gabriel Martinelli,591
Gabriel Osho,592
Gabriel Słonina,593
Gabriel Teodoro Martinelli Silva,594
Gabriel dos Santos Magalhães,595
Gaetano Berardi,596
Garang Kuol,597
Gareth Bale,598
Gary Cahill,599
Gary Madine,600
Gavin Bazunu,601
Gavin Kilkenny,602
Gaëtan Bong,603
Gedson Carvalho Fernandes,604
George Abbott,605
George Baldock,606
George Earthy,607
George Hirst,608
George Marsh,609
George Shelvey,610
George Wickens,611
Georges-Kevin N'Koudou,612
Georginio Rutter,613
Georginio Wijnaldum,614
Gerard Deulofeu,615
Gianluca Scamacca,616
Giovani Lo Celso,617
Giovanni McGregor,618
Giovanni Reyna,619
Giulian Biancone,620
Glen Rea,621
Glenn Murray,622
Gonzalo Higuaín,623
Gonzalo Montiel,624
Gonçalo Bento Soares Cardoso,625
Gonçalo Manuel Ganchinho Guedes,626
Grady Diangana,627
Granit Xhaka,628
Grant Hanley,629
Greg Cunninghamm,630
Greg Halford,631
Guglielmo Vicario,632
Guido Carrillo,633
Gustavo Hamer,634
Gustavo Henrique Furtado Scarpa,635
Gylfi Sigurdsson,636
Habeeb Ogunneye,637
Hakim Ziyech,638
Hal Robson-Kanu,639
Halil Dervişoğlu,640
Hamed Traorè,641
Hamza Choudhury,642
Han-Noah Massengo,643
Hannes Delcroix,644
Hannibal Mejbri,645
Harrison Ashby,646
Harrison Reed,647
Harry Amass,648
Harry Arter,649
Harry Boyes,650
Harry Kane,651
Harry Lewis,652
Harry Maguire,653
Harry Souttar,654
Harry Toffolo,655
Harry Tyrer,656
Harry Wilson,657
Harry Winks,658
Harvey Barnes,659
Harvey Davies,660
Harvey Elliott,661
Harvey Griffiths,662
Harvey Vale,663
Harvey White,664
Hassane Kamara,665
Havard Nordtveit,666
Haydon Roberts,667
Hee-Chan Hwang,668
Henri Lansbury,669
Henrikh Mkhitaryan,670
Heung-min Son,671
Heurelho Gomes,672
Heurelho da Silva Gomes,673
Hjalmar Ekdal,674
Hugo Bueno,675
Hugo Bueno López,676
Hugo Lloris,677
Hwang Hee-chan,678
Hwang Ui-jo,679
Hákon Valdimarsson,680
Héctor Bellerín,681
Héctor Junior Firpo Adames,682
Hélder Costa,683
Hélder Wander Sousa de Azevedo e Costa,684
Ian Carlo Poveda-Ocampo,685
Ian Maatsen,686
Ibrahim Amadou,687
Ibrahim Sangaré,688
Ibrahima Cissé,689
Ibrahima Diallo,690
Ibrahima Konaté,691
Idrissa Gueye,692
Ignacio Pussetto,693
Igor Julio dos Santos de Paulo,694
Iliman Ndiaye,695
Ilkay Gündogan,696
Illan Meslier,697
Illia Zabarnyi,698
Imari Samuels,699
Imrân Louza,700
Indiana Vassilev,701
Ionuț Radu,702
Isaac Hayden,703
Isaac Mbenza,704
Isaac Price,705
Isaac Success,706
Ishé Samuels-Smith,707
Islam Slimani,708
Ismaila Coulibaly,709
Ismaïla Sarr,710
Issa Diop,711
Issa Kaboré,712
Ivan Cavaleiro,713
Ivan Neves Abreu Cavaleiro,714
Ivan Perišić,715
Ivan Ricardo Neves Abreu Cavaleiro,716
Ivan Toney,717
Ivo Grbic,718
Jack Butland,719
Jack Colback,720
Jack Cork,721
Jack Grealish,722
Jack Grieves,723
Jack Harrison,724
Jack Hinshelwood,725
Jack Jenkins,726
Jack O'Connell,727
Jack Robinson,728
Jack Rodwell,729
Jack Simpson,730
Jack Stacey,731
Jack Stephens,732
Jack Walton,733
Jack Wells-Morrison,734
Jack Wilshere,735
Jack Young,736
Jackson Smith,737
Jacob Brown,738
Jacob Bruun Larsen,739
Jacob Maddox,740
Jacob Murphy,741
Jacob Ramsey,742
Jacob Sørensen,743
Jacob Wright,744
Jadan Raymond,745
Jaden Philogene-Bidace,746
Jadon Sancho,747
Jaidon Anthony,748
Jairo Riedewald,749
Jake Cain,750
Jake Eastwood,751
Jake Livermore,752
Jake O'Brien,753
Jake Vokins,754
Jakub Kiwior,755
Jakub Moder,756
Jakub Ojrzynski,757
Jamaal Lascelles,758
Jamal Baptiste,759
Jamal Lewis,760
Jamal Lowe,761
James Bree,762
James Chester,763
James Daly,764
James Furlong,765
James Garner,766
James Hill,767
James Justin,768
James Maddison,769
James McArthur,770
James McAtee,771
James McCarthy,772
James McConnell,773
James Milner,774
James Morris,775
James Rodríguez,776
James Shea,777
James Storer,778
James Sweet,779
James Tarkowski,780
James Tomkins,781
James Trafford,782
James Ward-Prowse,783
James Wright,784
Jamie Bowden,785
Jamie Donley,786
Jamie McDonnell,787
Jamie Shackleton,788
Jamie Sterry,789
Jamie Vardy,790
Jan Bednarek,791
Jan Paul van Hecke,792
Jan Vertonghen,793
Jan Zamburek,794
Jannik Vestergaard,795
Japhet Tanganga,796
Jarell Quansah,797
Jaroslaw Jach,798
Jarosław Jach,799
Jarrad Branthwaite,800
Jarrod Bowen,801
Jason Puncheon,802
Jason Steele,803
Javier Hernández Balcázar,804
Javier Manquillo,805
Jay Rodríguez,806
Jay Stansfield,807
Jay-Roy Grot,808
Jayden Bogle,809
Jayden Danns,810
Jayden Luker,811
Jayson Molumby,812
Jean Michaël Seri,813
Jean-Philippe Gbamin,814
Jean-Philippe Mateta,815
Jean-Ricner Bellegarde,816
Jed Steer,817
Jeff Hendrick,818
Jefferson Lerma,819
Jeffrey Schlupp,820
Jensen Weir,821
Jenson Metcalfe,822
Jeremiah Chilokoa-Mullen,823
Jeremy Ngakia,824
Jeremy Sarmiento,825
Jermain Defoe,826
Jerome Sinclair,827
Jesse Lingard,828
Jesurun Rak-Sakyi,829
Jesús Vallejo Lázaro,830
Jetro Willems,831
Jhon Durán,832
Ji-Soo Kim,833
Jili Buyabu,834
Jimi Tauriainen,835
Jimmy Dunne,836
Jimmy Morgan,837
Joachim Andersen,838
Joe Ayodele-Aribo,839
Joe Bennett,840
Joe Bryan,841
Joe Gardner,842
Joe Gauci,843
Joe Gelhardt,844
Joe Gomez,845
Joe Hart,846
Joe Hodge,847
Joe Hugill,848
Joe Lolley,849
Joe Powell,850
Joe Ralls,851
Joe Rodon,852
Joe Rothwell,853
Joe Taylor,854
Joe Tupper,855
Joe White,856
Joe Whitworth,857
Joe Willock,858
Joe Wormleighton,859
Joe Worrall,860
Joel Coleman,861
Joel Matip,862
Joel Mumbongo,863
Joel Robles,864
Joel Ward,865
Joelinton Cássio Apolinário de Lira,866
John Egan,867
John Fleck,868
John Lundstram,869
John McAtee,870
John McGinn,871
John Ruddy,872
John Stones,873
John-Kymani Gordon,874
Jon Gorenc Stankovic,875
Jon McCracken,876
Jonas Lössl,877
Jonathan Castro Otto,878
Jonathan Hogg,879
Jonathan Kodjia,880
Jonathan Leko,881
Jonathan Panzo,882
Jonathan Rowe,883
Jonathan Tomkinson,884
Jonathan Walters,885
Jonjo Shelvey,886
Jonjoe Kenny,887
Jonny Evans,888
Jordan Amissah,889
Jordan Ayew,890
Jordan Beyer,891
Jordan Clark,892
Jordan Henderson,893
Jordan Hugill,894
Jordan Pickford,895
Jordan Smith,896
Jordan Stevens,897
Jordan Thomas,898
Jordan Zemura,899
Jordon Ibe,900
Jorge Luiz Frello Filho,901
Jose Cholevas,902
Jose Luis Mato Sanmartín,903
Joseph Anang,904
Joseph Hodge,905
Joseph Hungbo,906
Joseph Johnson,907
Joseph McGlynn,908
Joseph Whitworth,909
Josh Acheampong,910
Josh Benson,911
Josh Bowler,912
Josh Brooking,913
Josh Brownhill,914
Josh Cullen,915
Josh Dasilva,916
Josh Feeney,917
Josh Knight,918
Josh Maja,919
Josh Martin,920
Josh Murphy,921
Josh Onomah,922
Josh Powell,923
Josh Sims,924
Josh Wilson-Esbrand,925
Joshua Duffus,926
Joshua King,927
Joshua Sargent,928
Joshua Sims,929
Joshua Wilson-Esbrand,930
Josip Drmic,931
José Diogo Dalot Teixeira,932
José Heriberto Izquierdo Mena,933
José Ignacio Peleteiro Romallo,934
José Izquierdo,935
José Malheiro de Sá,936
José Reina,937
José Ángel Esmorís Tasende,938
João Cancelo,939
João Filipe Iria Santos Moutinho,940
João Félix Sequeira,941
João Manuel Neves Virgínia,942
João Neves Virgínia,943
João Palhinha Gonçalves,944
João Pedro Cavaco Cancelo,945
João Pedro Junqueira de Jesus,946
João Victor Gomes da Silva,947
João Virgínia,948
Joël Veltman,949
Joško Gvardiol,950
Juan Camilo Hernández Suárez,951
Juan Foyth,952
Juan Larios López,953
Juan Mata,954
Julian Jeanvier,955
Julio Enciso,956
Julián Speroni,957
Julián Álvarez,958
Juninho Bacuna,959
Junior Firpo Adames,960
Junior Stanislas,961
Juraj Kucka,962
Jurriën Timber,963
Justin Hubner,964
Justin Kluivert,965
Jérémy Doku,966
Jóhann Berg Gudmundsson,967
Jürgen Locadia,968
Kacper Kozłowski,969
Kadan Young,970
Kadeem Harris,971
Kaden Rodney,972
Kaelan Casey,973
Kai Havertz,974
Kaide Gordon,975
Kaine Hayden,976
Kaine Kesler Hayden,977
Kaine Kesler-Hayden,978
Kalidou Koulibaly,979
Kalvin Phillips,980
Kamaldeen Sulemana,981
Kamari Doyle,982
Kamil Conteh,983
Kamil Grosicki,984
Kamil Miazek,985
Kaoru Mitoma,986
Karl Darlow,987
Karl Hein,988
Karlan Grant,989
Karlo Ziger,990
Kasey McAteer,991
Kasper Schmeichel,992
Kayky da Silva Chagas,993
Kayne Ramsay,994
Kazaiah Sterling,995
Kean Bryan,996
Keane Lewis-Potter,997
Keinan Davis,998
Kelechi Iheanacho,999
Kell Watts,1000
Ken Sema,1001
Kenneth Zohore,1002
Kenny McLean,1003
Kenny Tete,1004
Kepa Arrizabalaga,1005
Kevin Danso,1006
Kevin De Bruyne,1007
Kevin Long,1008
Kevin Mbabu,1009
Kevin McDonald,1010
Kevin Mirallas,1011
Kevin Schade,1012
Keylor Navas,1013
Kgaogelo Chauke,1014
Ki-Jana Hoever,1015
Kiano Dyer,1016
Kieffer Moore,1017
Kieran Dowell,1018
Kieran Gibbs,1019
Kieran Tierney,1020
Kieran Trippier,1021
Kiernan Dewsbury-Hall,1022
Kieron Freeman,1023
Killian Phillips,1024
Kjell Scherpen,1025
Kobbie Mainoo,1026
Kofi Balmer,1027
Konstantinos Mavropanos,1028
Konstantinos Tsimikas,1029
Kortney Hause,1030
Kris Moore,1031
Kristian Sekularac,1032
Kristoffer Ajer,1033
Kristoffer Klaesson,1034
Krisztián Hegyi,1035
Kurt Zouma,1036
Kwadwo Baah,1037
Kyle Bartley,1038
Kyle Edwards,1039
Kyle John,1040
Kyle Taylor,1041
Kyle Walker,1042
Kyle Walker-Peters,1043
Kyron Gordon,1044
Lamare Bogarde,1045
Lander Emery,1046
Laurent Depoitre,1047
Laurent Koscielny,1048
Lawrence Vigouroux,1049
Layvin Kurzawa,1050
Lazar Markovic,1051
Leander Dendoncker,1052
Leandro Bacuna,1053
Leandro Trossard,1054
Lee Grant,1055
Lee Peltier,1056
Leif Davis,1057
Leigh Kavanagh,1058
Leighton Baines,1059
Leighton Clarkson,1060
Leo Castledine,1061
Leo Fuhr Hjelde,1062
Leon Bailey,1063
Leon Balogun,1064
Leon Chiwome,1065
Leon Clarke,1066
Leonardo Campana,1067
Leroy Sané,1068
Lesley Ugochukwu,1069
Levi Colwill,1070
Lewis Bate,1071
Lewis Brunt,1072
Lewis Cass,1073
Lewis Cook,1074
Lewis Dobbin,1075
Lewis Dunk,1076
Lewis Gibson,1077
Lewis Hall,1078
Lewis Koumas,1079
Lewis Miley,1080
Lewis O'Brien,1081
Lewis Orford,1082
Lewis Payne,1083
Lewis Richards,1084
Lewis Richardson,1085
Lewis Warrington,1086
Liam Cooper,1087
Liam Delap,1088
Liam Gibbs,1089
Liam Gibson,1090
Liam Hughes,1091
Liam McCarron,1092
Lino Sousa,1093
Lisandro Martínez,1094
Lloyd Kelly,1095
Lorenz Assignon,1096
Loris Karius,1097
Louie Marsh,1098
Louie Moulden,1099
Louie Watson,1100
Louis Jackson,1101
Lovre Kalinic,1102
Loïc Badé,1103
Loïc Damour,1104
Loïc Mbe Soh,1105
Luc De Fougerolles,1106
Luca Barrington,1107
Luca Koleosho,1108
Lucas Bergström,1109
Lucas De Bolle,1110
Lucas Digne,1111
Lucas Perri,1112
Lucas Pérez,1113
Lucas Rodrigues Moura da Silva,1114
Lucas Tolentino Coelho de Lima,1115
Lucas Torreira,1116
Lucas Torreira di Pascua,1117
Luciano Vietto,1118
Ludwig Augustinsson,1119
Luis Díaz,1120
Luis Sinisterra,1121
Luis Sinisterra Lucumí,1122
Luka Milivojevic,1123
Lukas Jensen,1124
Lukas Rupp,1125
Lukasz Fabianski,1126
Luke Amos,1127
Luke Ayling,1128
Luke Berry,1129
Luke Chambers,1130
Luke Cundle,1131
Luke Dreher,1132
Luke Freeman,1133
Luke Harris,1134
Luke Mbete,1135
Luke Mbete-Tabu,1136
Luke McNally,1137
Luke Plange,1138
Luke Shaw,1139
Luke Thomas,1140
Lyanco Evangelista Silveira Neves Vojnovic,1141
Lyanco Silveira Neves Vojnovic,1142
Lyle Foster,1143
Lyle Taylor,1144
Lys Mousset,1145
Léo Bonatini,1146
Maarten Stekelenburg,1147
Mace Goodridge,1148
Mackenzie Hunt,1149
Mads Bech Sörensen,1150
Mads Bidstrup,1151
Mads Juel Andersen,1152
Mads Roerslev Rasmussen,1153
Mahamadou Susoho,1154
Mahmoud Ahmed Ibrahim Hassan,1155
Mahmoud Dahoud,1156
Malang Sarr,1157
Malcolm Ebiowei,1158
Malo Gusto,1159
Mamadou Sakho,1160
Manolo Gabbiadini,1161
Manor Solomon,1162
Manuel Akanji,1163
Manuel Benson Hedilazio,1164
Manuel Lanzini,1165
Marc Albrighton,1166
Marc Cucurella,1167
Marc Cucurella Saseta,1168
Marc Guéhi,1169
Marc Jurado Gomez,1170
Marc Leonard,1171
Marc Navarro,1172
Marc Pugh,1173
Marc Roca Junqué,1174
Marcel Lavinier,1175
Marcel Sabitzer,1176
Marcelo Flores,1177
Marcelo de Araújo Pitaluga Filho,1178
Marco Stiepermann,1179
Marcos Alonso,1180
Marcos Rojo,1181
Marcos Senesi,1182
Marcus Bettinelli,1183
Marcus Forss,1184
Marcus Oliveira Alencar,1185
Marcus Rashford,1186
Marcus Tavernier,1187
Marek Rodak,1188
Mario Lemina,1189
Mario Vrancic,1190
Mark Duffy,1191
Mark Flekken,1192
Mark Gillespie,1193
Mark Noble,1194
Mark O’Mahony,1195
Mark Travers,1196
Marko Arnautovic,1197
Markus Suttner,1198
Marouane Fellaini,1199
Martial Godo,1200
Martin Dúbravka,1201
Martin Kelly,1202
Martin Ødegaard,1203
Martín Montoya,1204
Marvelous Nakamba,1205
Marvin Zeegelaar,1206
Mason Burstow,1207
Mason Greenwood,1208
Mason Holgate,1209
Mason Mount,1210
Matej Kovár,1211
Matej Vydra,1212
Mateo Joseph Fernández,1213
Mateo Kovacic,1214
Mateo Kovačić,1215
Mateus Cardoso Lemos Martins,1216
Mateusz Bogusz,1217
Mateusz Klich,1218
Mateusz Lis,1219
Matheus França de Oliveira,1220
Matheus Luiz Nunes,1221
Matheus Pereira,1222
Matheus Santos Carneiro Da Cunha,1223
Mathew Ryan,1224
Mathias Jensen,1225
Mathias Jorgensen,1226
Mathias Normann,1227
Matija Sarkic,1228
Matt Butcher,1229
Matt Clarke,1230
Matt Doherty,1231
Matt Macey,1232
Matt Phillips,1233
Matt Ritchie,1234
Matt Targett,1235
Matt Turner,1236
Matteo Darmian,1237
Matthew Clarke,1238
Matthew Connolly,1239
Matthew Cox,1240
Matthew Craig,1241
Matthew Daly,1242
Matthew Dibley-Dias,1243
Matthew Lowton,1244
Matthew Pollock,1245
Matthew Smith,1246
Matthew Whittingham,1247
Matty Cash,1248
Matty James,1249
Matty Longstaff,1250
Mattéo Guendouzi,1251
Matz Sels,1252
Matías Viña,1253
Mauro Bandeira,1254
Max Aarons,1255
Max Kilman,1256
Max Kinsey,1257
Max Kinsey-Wellings,1258
Max Lowe,1259
Max Meyer,1260
Max Sanders,1261
Max Thompson,1262
Maxime Esteve,1263
Maxime Le Marchand,1264
Maximilian Wöber,1265
Maximillian Aarons,1266
Maxwel Cornet,1267
Maxwell Haygarth,1268
Maya Yoshida,1269
Mazeed Ogungbo,1270
Mbaye Diagne,1271
Mbwana Ally Samatta,1272
Mbwana Samatta,1273
Meritan Shabani,1274
Mesut Özil,1275
Micah Hamilton,1276
Michael Dacosta Gonzalez,1277
Michael Hector,1278
Michael Keane,1279
Michael McGovern,1280
Michael Ndiweni,1281
Michael Obafemi,1282
Michael Olakigbe,1283
Michael Olise,1284
Michael Verrips,1285
Michail Antonio,1286
Michal Karbownik,1287
Michale Olakigbe,1288
Michał Karbownik,1289
Michel Vorm,1290
Michy Batshuayi,1291
Micky van de Ven,1292
Miguel Almirón,1293
Miguel Azeez,1294
Miguel Britos,1295
Mihai-Alexandru Dobre,1296
Mika Biereth,1297
Mike Trésor,1298
Mikel Merino,1299
Mikey Moore,1300
Mikkel Damsgaard,1301
Milos Kerkez,1302
Milot Rashica,1303
Mislav Orsic,1304
Mohamed Diamé,1305
Mohamed Dräger,1306
Mohamed Elneny,1307
Mohamed Elyounoussi,1308
Mohamed Naser El Sayed Elneny,1309
Mohamed Salah,1310
Mohammed Kudus,1311
Mohammed Salisu,1312
Moise Kean,1313
Moisés Caicedo,1314
Morgan Gibbs-White,1315
Morgan Rogers,1316
Morgan Sanson,1317
Morgan Schneiderlin,1318
Moritz Leitner,1319
Mousa Dembélé,1320
Moussa Diaby,1321
Moussa Djenepo,1322
Moussa Niakhaté,1323
Moussa Sissoko,1324
Muhamed Besic,1325
Murillo Santiago Costa dos Santos,1326
Mykhailo Mudryk,1327
Myles Lewis-Skelly,1328
Myles Peart-Harris,1329
Máximo Perrone,1330
N'Golo Kanté,1331
Nabil Bentaleb,1332
Naby Keïta,1333
Nacho Monreal,1334
Nahki Wells,1335
Nampalys Mendy,1336
Naouirou Ahamada,1337
Nathan Aké,1338
Nathan Bishop,1339
Nathan Broadhead,1340
Nathan Butler-Oyedeji,1341
Nathan Collins,1342
Nathan Ferguson,1343
Nathan Fraser,1344
Nathan Holland,1345
Nathan Patterson,1346
Nathan Redmond,1347
Nathan Tella,1348
Nathan Trott,1349
Nathan Young-Coombes,1350
Nathaniel Chalobah,1351
Nathaniel Clyne,1352
Nathaniel Mendez-Laing,1353
Nathaniel Phillips,1354
Nayef Aguerd,1355
Neal Maupay,1356
Neco Williams,1357
Neeskens Kebano,1358
Neil Etheridge,1359
Neil Taylor,1360
Nemanja Matic,1361
Niall Huggins,1362
Nick Pope,1363
Nico O'Reilly,1364
Nicolas Jackson,1365
Nicolas Nkoulou,1366
Nicolas Pépé,1367
Nicolás Domínguez,1368
Nicolás Otamendi,1369
Nicolò Zaniolo,1370
Niels Nkounkou,1371
Nigel Lonwijk,1372
Nikola Tavares,1373
Nikola Vlasic,1374
Nikola Vlašić,1375
Nile John,1376
Nnamdi Ofoborh,1377
Noha Lemina,1378
Nohan Kenneh,1379
Noni Madueke,1380
Norberto Bercique Gomes Betuncal,1381
Norberto Murara Neto,1382
Noël Atom,1383
Nuno Varela Tavares,1384
Nya Kirby,1385
Nélson Cabral Semedo,1386
Odeluga Offiah,1387
Odion Ighalo,1388
Odsonne Edouard,1389
Odysseas Vlachodimos,1390
Oghenekaro Peter Etebo,1391
Okay Yokuslu,1392
Ola Aina,1393
Oleksandr Zinchenko,1394
Oliver Arblaster,1395
Oliver Burke,1396
Oliver Casey,1397
Oliver Hammond,1398
Oliver McBurnie,1399
Oliver Norwood,1400
Oliver Scarles,1401
Oliver Skipp,1402
Olivier Giroud,1403
Oliwier Zych,1404
Ollie Harrison,1405
Ollie Watkins,1406
Oluwasemilogo Adesewo Ibidapo Ajayi,1407
Omar Bogle,1408
Omar Richards,1409
Omari Forson,1410
Omari Hutchinson,1411
Omari Kellyman,1412
Ondrej Duda,1413
Onel Hernández,1414
Orel Mangala,1415
Oriol Romeu Vidal,1416
Oscar Bobb,1417
Oskar Buur,1418
Oumar Niasse,1419
Owen Beck,1420
Owen Bevan,1421
Owen Dodgson,1422
Owen Goodman,1423
Owen Hampson,1424
Owen Hesketh,1425
Owen Otasowie,1426
Ozan Kabak,1427
Ozan Tufan,1428
Pablo Fornals,1429
Pablo Fornals Malla,1430
Pablo Hernández Domínguez,1431
Pablo Marí,1432
Pablo Marí Villar,1433
Pablo Sarabia,1434
Pablo Zabaleta,1435
Panagiotis Retsos,1436
Pape Matar Sarr,1437
Pape Souaré,1438
Paris Maghoma,1439
Pascal Groß,1440
Pascal Struijk,1441
Patrick Bamford,1442
Patrick Cutrone,1443
Patrick Roberts,1444
Patrick van Aanholt,1445
Patrik Gunnarsson,1446
Patson Daka,1447
Pau Torres,1448
Paul Dummett,1449
Paul Onuachu,1450
Paul Pogba,1451
Paulo Gazzaniga,1452
Paulo Gazzaniga Farias,1453
Pedro Lomba Neto,1454
Pedro Obiang,1455
Pedro Porro,1456
Pedro Rodríguez Ledesma,1457
Pelenda Joshua Dasilva,1458
Pelly Ruddock Mpanzu,1459
Percy Tau,1460
Pervis Estupiñán,1461
Peter Crouch,1462
Petr Cech,1463
Phil Bardsley,1464
Phil Foden,1465
Phil Jagielka,1466
Phil Jones,1467
Philip Billing,1468
Philip Heise,1469
Philip Zinckernagel,1470
Philippe Coutinho,1471
Philippe Sandler,1472
Pierluigi Gollini,1473
Pierre Ekwah,1474
Pierre Lees-Melou,1475
Pierre-Emerick Aubameyang,1476
Pierre-Emile Höjbjerg,1477
Pontus Dahlberg,1478
Pontus Jansson,1479
Przemyslaw Placheta,1480
Rachid Ghezzal,1481
Radek Vítek,1482
Radu Dragusin,1483
Rafa Mir,1484
Rafael Camacho,1485
Ragnar Klavan,1486
Raheem Sterling,1487
Rajiv van La Parra,1488
Ralf Fährmann,1489
Ramadan Sobhi,1490
Raphael Dias Belloli,1491
Raphaël Varane,1492
Rasmus Højlund,1493
Rasmus Kristensen,1494
Ravel Morrison,1495
Rayan Aït-Nouri,1496
Raúl Jiménez,1497
Reda Khadra,1498
Reece Burke,1499
Reece Hannam,1500
Reece James,1501
Reece Oxford,1502
Reece Welch,1503
Reiss Nelson,1504
Rekeem Harper,1505
Remi Matthews,1506
Remo Freuler,1507
Renan Augusto Lodi dos Santos,1508
Reuell Walters,1509
Rhian Brewster,1510
Rhu-endly Martina,1511
Rhys Healey,1512
Rhys Norrington-Davies,1513
Rhys Williams,1514
Ricardo Barbosa Pereira,1515
Ricardo Domingos Barbosa Pereira,1516
Richairo Zivkovic,1517
Richard Nartey,1518
Richard Stearman,1519
Richarlison de Andrade,1520
Richie Laryea,1521
Rico Henry,1522
Rico Lewis,1523
Riyad Mahrez,1524
Rob Elliot,1525
Rob Holding,1526
Robbie Brady,1527
Robert Kenedy Nunes do Nascimento,1528
Robert Snodgrass,1529
Robert Street,1530
Robert Sánchez,1531
Roberto Firmino,1532
Roberto Jimenez Gago,1533
Roberto Pereyra,1534
Robin Koch,1535
Robin Olsen,1536
Roderick Jefferson Gonçalves Miranda,1537
Rodrigo Bentancur,1538
Rodrigo Duarte Ribeiro,1539
Rodrigo Hernandez,1540
Rodrigo Moreno,1541
Rodrigo Muniz Carvalho,1542
Rolando Aarons,1543
Romain Faivre,1544
Romain Perraud,1545
Romain Saïss,1546
Romaine Mundle,1547
Romaine Sawyers,1548
Romelu Lukaku,1549
Romelu Lukaku Bolingoli,1550
Roméo Lavia,1551
Ronnie Stutter,1552
Roshaun Mathurin,1553
Ross Barkley,1554
Ruben Loftus-Cheek,1555
Rui Pedro da Rocha Fonte,1556
Rui Pedro dos Santos Patrício,1557
Ryan Alebiosu,1558
Ryan Astley,1559
Ryan Babel,1560
Ryan Bennett,1561
Ryan Bertrand,1562
Ryan Christie,1563
Ryan Finnigan,1564
Ryan Fraser,1565
Ryan Fredericks,1566
Ryan Giles,1567
Ryan Gravenberch,1568
Ryan Inniss,1569
Ryan John Giles,1570
Ryan Oné,1571
Ryan Schofield,1572
Ryan Sessegnon,1573
Ryan Trevitt,1574
Ryan Yates,1575
Rúben Diogo da Silva Neves,1576
Rúben Gato Alves Dias,1577
Rúben Gonçalo Silva Nascimento Vinagre,1578
Rúben Nascimento Vinagre,1579
Rúben Santos Gato Alves Dias,1580
Rúben da Silva Neves,1581
Rúnar Alex Rúnarsson,1582
Sadio Mané,1583
Salah-Eddine Oulad M'hand,1584
Salomón Rondón,1585
Sam Baldock,1586
Sam Byram,1587
Sam Curtis,1588
Sam Field,1589
Sam Gallagher,1590
Sam Greenwood,1591
Sam Johnstone,1592
Sam McQueen,1593
Sam Proctor,1594
Sam Surridge,1595
Sam Vokes,1596
Sam Waller,1597
Sam Woods,1598
Saman Ghoddos,1599
Samir Caetano de Souza Santos,1600
Samir Nasri,1601
Sammy Braybrooke,1602
Samuel Amo-Ameyaw,1603
Samuel Bastien,1604
Samuel Edozie,1605
Samuel Kalu,1606
Samy Chouchane,1607
Sander Berge,1608
Sandro Ramírez,1609
Sandro Tonali,1610
Santiago Bueno,1611
Sasa Kalajdzic,1612
Sasa Lukic,1613
Saïd Benrahma,1614
Saúl Ñíguez,1615
Saša Lukić,1616
Scott Banks,1617
Scott Carson,1618
Scott Dann,1619
Scott Malone,1620
Scott McKenna,1621
Scott McTominay,1622
Scott Twine,1623
Sead Kolasinac,1624
Seamus Coleman,1625
Sean Longstaff,1626
Sean McAllister,1627
Sean Morrison,1628
Sebastian Prödl,1629
Sebastian Revan,1630
Sepp van den Berg,1631
Serge Aurier,1632
Sergi Canós,1633
Sergi Canós Tenés,1634
Sergio Agüero,1635
Sergio Gómez,1636
Sergio Reguilón,1637
Sergio Rico,1638
Sergio Romero,1639
Shandon Baptiste,1640
Shane Duffy,1641
Shane Flynn,1642
Shane Long,1643
Shaqai Forde,1644
Shea Charles,1645
Shinji Okazaki,1646
Shkodran Mustafi,1647
Shola Shoretire,1648
Sidnei Tavares,1649
Sil Swinkels,1650
Simon Adingra,1651
Simon Francis,1652
Simon Mignolet,1653
Simon Moore,1654
Siriki Dembélé,1655
Sofiane Boufal,1656
Sofyan Amrabat,1657
Sokratis Papastathopoulos,1658
Sol Bamba,1659
Solly March,1660
Solomon March,1661
Son Heung-min,1662
Sonny Perkins,1663
Stanley Mills,1664
Stefan Bajcetic,1665
Stefan Johansen,1666
Stefan Ortega Moreno,1667
Stefan Parkes,1668
Stefano Okaka,1669
Stephan Lichtsteiner,1670
Stephen Henderson,1671
Stephen Ward,1672
Steve Cook,1673
Steve Mounié,1674
Steven Alzate,1675
Steven Benda,1676
Steven Bergwijn,1677
Steven Davis,1678
Steven Defour,1679
Steven Sessegnon,1680
Stipe Perica,1681
Stuart Armstrong,1682
Stuart Dallas,1683
Stuart McKinstry,1684
Sullay Kaikai,1685
Sung-yueng Ki,1686
Sven Botman,1687
Sydie Peck,1688
Sylvester Jasper,1689
Sébastien Haller,1690
Sékou Mara,1691
Tahith Chong,1692
Taiwo Awoniyi,1693
Takehiro Tomiyasu,1694
Takumi Minamino,1695
Tammy Abraham,1696
Tanguy Ndombélé,1697
Tariq Lamptey,1698
Tariqe Fosu-Henry,1699
Tawanda Chirewa,1700
Tawanda Maswanhise,1701
Taylan Harris,1702
Taylor Gardner-Hickman,1703
Taylor Harwood-Bellis,1704
Taylor Perry,1705
Taylor Richards,1706
Tayo Adaramola,1707
Ted Curd,1708
Teddy Jenks,1709
Teddy Sharman-Lowe,1710
Teden Mengi,1711
Teemu Pukki,1712
Temple Ojinnaka,1713
Terence Kongolo,1714
Terry Ablade,1715
Thakgalo Leshabela,1716
Thanawat Suengchitthawon,1717
Theo Corbeanu,1718
Theo Walcott,1719
Thiago Alcántara do Nascimento,1720
Thiago Emiliano da Silva,1721
Thiago Thiago,1722
Thibaut Courtois,1723
Thierry Small,1724
Thilo Kehrer,1725
Thomas Allan,1726
Thomas Cannon,1727
Thomas Dickson-Peters,1728
Thomas Kaminski,1729
Thomas McGill,1730
Thomas Partey,1731
Thomas Strakosha,1732
Tiago Çukur,1733
Tiemoué Bakayoko,1734
Tim Iroegbunam,1735
Tim Krul,1736
Tim Ream,1737
Timm Klose,1738
Timo Werner,1739
Timothy Castagne,1740
Timothy Eyoma,1741
Timothy Fosu-Mensah,1742
Tino Livramento,1743
Tobi Omole,1744
Toby Alderweireld,1745
Toby Collyer,1746
Toby King,1747
Todd Cantwell,1748
Tom Cairney,1749
Tom Cleverley,1750
Tom Davies,1751
Tom Dele-Bashiru,1752
Tom Heaton,1753
Tom Ince,1754
Tom King,1755
Tom Lockyer,1756
Tom McGill,1757
Tom Trybull,1758
Tomas Soucek,1759
Tomer Hemed,1760
Tommi O'Reilly,1761
Tommy Doyle,1762
Tommy Smith,1763
Tomáš Souček,1764
Tony Springett,1765
Tosin Adarabioyo,1766
Toti António Gomes,1767
Travis Hernes,1768
Travis Patterson,1769
Trent Alexander-Arnold,1770
Trevoh Chalobah,1771
Treymaurice Nyoni,1772
Tristan Crama,1773
Troy Deeney,1774
Troy Parrott,1775
Tudor Baluta,1776
Ty Barnett,1777
Tyias Browning,1778
Tyler Adams,1779
Tyler Dibling,1780
Tyler Morton,1781
Tyler Onyango,1782
Tyler Roberts,1783
Tyreece John-Jules,1784
Tyreke Johnson,1785
Tyrell Malacia,1786
Tyrese Francois,1787
Tyrese Hall,1788
Tyrick Mitchell,1789
Tyrique George,1790
Tyrone Mings,1791
Valentino Lazaro,1792
Valentín Barco,1793
Valintino Adedokun,1794
Vicente Guaita,1795
Vicente Iborra,1796
Victor Kristiansen,1797
Victor Lindelöf,1798
Victor Moses,1799
Victor Wanyama,1800
Victor da Silva,1801
Viktor Gyokeres,1802
Viljami Sinisalo,1803
Vincent Angelini,1804
Vincent Janssen,1805
Vincent Kompany,1806
Vini de Souza Costa,1807
Virgil van Dijk,1808
Vitaliy Mykolenko,1809
Vitaly Janelt,1810
Vitor Ferreira,1811
Vladimir Coufal,1812
Vladimír Coufal,1813
Vontae Daley-Campbell,1814
Víctor Camarasa,1815
Wanya Marçal-Madivadua,1816
Wataru Endo,1817
Wayne Hennessey,1818
Wes Foderingham,1819
Wes Morgan,1820
Wesley Fofana,1821
Wesley Hoedt,1822
Wesley Moraes,1823
Wesley Moraes Ferreira da Silva,1824
Wesley Okoduwa,1825
Weston McKennie,1826
Wilfred Ndidi,1827
Wilfried Gnonto,1828
Wilfried Zaha,1829
Will Dennis,1830
Will Ferry,1831
Will Hughes,1832
Will Norris,1833
Will Smallbone,1834
William Fish,1835
William Osula,1836
William Saliba,1837
William Troost-Ekong,1838
Willian Borges Da Silva,1839
Willian Borges da Silva,1840
Willian José Da Silva,1841
Willy Boly,1842
Willy Caballero,1843
Willy Kambwala,1844
Wilson Odobert,1845
Winston Reid,1846
Wout Faes,1847
Wout Weghorst,1848
Xande Nascimento da Costa Silva,1849
Xherdan Shaqiri,1850
Yago de Santiago Alonso,1851
Yan Valery,1852
Yannick Bolasie,1853
Yasin Ayari,1854
Yasser Larouci,1855
Yegor Yarmoliuk,1856
Yegor Yarmolyuk,1857
Yerry Mina,1858
Yerson Mosquera,1859
Yerson Mosquera Valdelamar,1860
Yoane Wissa,1861
Yohan Benalouane,1862
Yoshinori Muto,1863
Younès Kaboul,1864
Youri Tielemans,1865
Youssef Ramalho Chermiti,1866
Yunus Konak,1867
Yves Bissouma,1868
Zach Awe,1869
Zack Nelson,1870
Zack Steffen,1871
Zak Brunt,1872
Zak Sturge,1873
Zak Swanson,1874
Zech Medley,1875
Zeki Amdouni,1876
Zidane Iqbal,1877
Álvaro Fernández,1878
Álvaro Fernández Carreras,1879
Álvaro Morata,1880
Ângelo Gabriel Borges Damaceno,1881
Étienne Capoue,1882
Örjan Nyland,1883
Đorđe Petrović,1884
